match_id,season,date,team,formation,manager,source,source_collected_at
2425_20240816_man_united_fulham,2425,2024-08-16,Man United,,,fbref_soccerdata,2024-08-17
2425_20240816_man_united_fulham,2425,2024-08-16,Fulham,,,fbref_soccerdata,2024-08-17
2425_20240817_arsenal_wolves,2425,2024-08-17,Arsenal,,,fbref_soccerdata,2024-08-18
2425_20240817_arsenal_wolves,2425,2024-08-17,Wolves,,,fbref_soccerdata,2024-08-18
2425_20240817_everton_brighton,2425,2024-08-17,Everton,,,fbref_soccerdata,2024-08-18
2425_20240817_everton_brighton,2425,2024-08-17,Brighton,,,fbref_soccerdata,2024-08-18
2425_20240817_ipswich_liverpool,2425,2024-08-17,Ipswich,,,fbref_soccerdata,2024-08-18
2425_20240817_ipswich_liverpool,2425,2024-08-17,Liverpool,,,fbref_soccerdata,2024-08-18
2425_20240817_newcastle_southampton,2425,2024-08-17,Newcastle,,,fbref_soccerdata,2024-08-18
2425_20240817_newcastle_southampton,2425,2024-08-17,Southampton,,,fbref_soccerdata,2024-08-18
2425_20240817_nottm_forest_bournemouth,2425,2024-08-17,Nott'm Forest,,,fbref_soccerdata,2024-08-18
2425_20240817_nottm_forest_bournemouth,2425,2024-08-17,Bournemouth,,,fbref_soccerdata,2024-08-18
2425_20240817_west_ham_aston_villa,2425,2024-08-17,West Ham,,,fbref_soccerdata,2024-08-18
2425_20240817_west_ham_aston_villa,2425,2024-08-17,Aston Villa,,,fbref_soccerdata,2024-08-18
2425_20240818_brentford_crystal_palace,2425,2024-08-18,Brentford,,,fbref_soccerdata,2024-08-19
2425_20240818_brentford_crystal_palace,2425,2024-08-18,Crystal Palace,,,fbref_soccerdata,2024-08-19
2425_20240818_chelsea_man_city,2425,2024-08-18,Chelsea,,,fbref_soccerdata,2024-08-19
2425_20240818_chelsea_man_city,2425,2024-08-18,Man City,,,fbref_soccerdata,2024-08-19
2425_20240819_leicester_tottenham,2425,2024-08-19,Leicester,,,fbref_soccerdata,2024-08-20
2425_20240819_leicester_tottenham,2425,2024-08-19,Tottenham,,,fbref_soccerdata,2024-08-20
2425_20240824_aston_villa_arsenal,2425,2024-08-24,Aston Villa,,,fbref_soccerdata,2024-08-25
2425_20240824_aston_villa_arsenal,2425,2024-08-24,Arsenal,,,fbref_soccerdata,2024-08-25
2425_20240824_brighton_man_united,2425,2024-08-24,Brighton,,,fbref_soccerdata,2024-08-25
2425_20240824_brighton_man_united,2425,2024-08-24,Man United,,,fbref_soccerdata,2024-08-25
2425_20240824_crystal_palace_west_ham,2425,2024-08-24,Crystal Palace,,,fbref_soccerdata,2024-08-25
2425_20240824_crystal_palace_west_ham,2425,2024-08-24,West Ham,,,fbref_soccerdata,2024-08-25
2425_20240824_fulham_leicester,2425,2024-08-24,Fulham,,,fbref_soccerdata,2024-08-25
2425_20240824_fulham_leicester,2425,2024-08-24,Leicester,,,fbref_soccerdata,2024-08-25
2425_20240824_man_city_ipswich,2425,2024-08-24,Man City,,,fbref_soccerdata,2024-08-25
2425_20240824_man_city_ipswich,2425,2024-08-24,Ipswich,,,fbref_soccerdata,2024-08-25
2425_20240824_southampton_nottm_forest,2425,2024-08-24,Southampton,,,fbref_soccerdata,2024-08-25
2425_20240824_southampton_nottm_forest,2425,2024-08-24,Nott'm Forest,,,fbref_soccerdata,2024-08-25
2425_20240824_tottenham_everton,2425,2024-08-24,Tottenham,,,fbref_soccerdata,2024-08-25
2425_20240824_tottenham_everton,2425,2024-08-24,Everton,,,fbref_soccerdata,2024-08-25
2425_20240825_bournemouth_newcastle,2425,2024-08-25,Bournemouth,,,fbref_soccerdata,2024-08-26
2425_20240825_bournemouth_newcastle,2425,2024-08-25,Newcastle,,,fbref_soccerdata,2024-08-26
2425_20240825_liverpool_brentford,2425,2024-08-25,Liverpool,,,fbref_soccerdata,2024-08-26
2425_20240825_liverpool_brentford,2425,2024-08-25,Brentford,,,fbref_soccerdata,2024-08-26
2425_20240825_wolves_chelsea,2425,2024-08-25,Wolves,,,fbref_soccerdata,2024-08-26
2425_20240825_wolves_chelsea,2425,2024-08-25,Chelsea,,,fbref_soccerdata,2024-08-26
2425_20240831_arsenal_brighton,2425,2024-08-31,Arsenal,,,fbref_soccerdata,2024-09-01
2425_20240831_arsenal_brighton,2425,2024-08-31,Brighton,,,fbref_soccerdata,2024-09-01
2425_20240831_brentford_southampton,2425,2024-08-31,Brentford,,,fbref_soccerdata,2024-09-01
2425_20240831_brentford_southampton,2425,2024-08-31,Southampton,,,fbref_soccerdata,2024-09-01
2425_20240831_everton_bournemouth,2425,2024-08-31,Everton,,,fbref_soccerdata,2024-09-01
2425_20240831_everton_bournemouth,2425,2024-08-31,Bournemouth,,,fbref_soccerdata,2024-09-01
2425_20240831_ipswich_fulham,2425,2024-08-31,Ipswich,,,fbref_soccerdata,2024-09-01
2425_20240831_ipswich_fulham,2425,2024-08-31,Fulham,,,fbref_soccerdata,2024-09-01
2425_20240831_leicester_aston_villa,2425,2024-08-31,Leicester,,,fbref_soccerdata,2024-09-01
2425_20240831_leicester_aston_villa,2425,2024-08-31,Aston Villa,,,fbref_soccerdata,2024-09-01
2425_20240831_nottm_forest_wolves,2425,2024-08-31,Nott'm Forest,,,fbref_soccerdata,2024-09-01
2425_20240831_nottm_forest_wolves,2425,2024-08-31,Wolves,,,fbref_soccerdata,2024-09-01
2425_20240831_west_ham_man_city,2425,2024-08-31,West Ham,,,fbref_soccerdata,2024-09-01
2425_20240831_west_ham_man_city,2425,2024-08-31,Man City,,,fbref_soccerdata,2024-09-01
2425_20240901_chelsea_crystal_palace,2425,2024-09-01,Chelsea,,,fbref_soccerdata,2024-09-02
2425_20240901_chelsea_crystal_palace,2425,2024-09-01,Crystal Palace,,,fbref_soccerdata,2024-09-02
2425_20240901_man_united_liverpool,2425,2024-09-01,Man United,,,fbref_soccerdata,2024-09-02
2425_20240901_man_united_liverpool,2425,2024-09-01,Liverpool,,,fbref_soccerdata,2024-09-02
2425_20240901_newcastle_tottenham,2425,2024-09-01,Newcastle,,,fbref_soccerdata,2024-09-02
2425_20240901_newcastle_tottenham,2425,2024-09-01,Tottenham,,,fbref_soccerdata,2024-09-02
2425_20240914_aston_villa_everton,2425,2024-09-14,Aston Villa,,,fbref_soccerdata,2024-09-15
2425_20240914_aston_villa_everton,2425,2024-09-14,Everton,,,fbref_soccerdata,2024-09-15
2425_20240914_bournemouth_chelsea,2425,2024-09-14,Bournemouth,,,fbref_soccerdata,2024-09-15
2425_20240914_bournemouth_chelsea,2425,2024-09-14,Chelsea,,,fbref_soccerdata,2024-09-15
2425_20240914_brighton_ipswich,2425,2024-09-14,Brighton,,,fbref_soccerdata,2024-09-15
2425_20240914_brighton_ipswich,2425,2024-09-14,Ipswich,,,fbref_soccerdata,2024-09-15
2425_20240914_crystal_palace_leicester,2425,2024-09-14,Crystal Palace,,,fbref_soccerdata,2024-09-15
2425_20240914_crystal_palace_leicester,2425,2024-09-14,Leicester,,,fbref_soccerdata,2024-09-15
2425_20240914_fulham_west_ham,2425,2024-09-14,Fulham,,,fbref_soccerdata,2024-09-15
2425_20240914_fulham_west_ham,2425,2024-09-14,West Ham,,,fbref_soccerdata,2024-09-15
2425_20240914_liverpool_nottm_forest,2425,2024-09-14,Liverpool,,,fbref_soccerdata,2024-09-15
2425_20240914_liverpool_nottm_forest,2425,2024-09-14,Nott'm Forest,,,fbref_soccerdata,2024-09-15
2425_20240914_man_city_brentford,2425,2024-09-14,Man City,,,fbref_soccerdata,2024-09-15
2425_20240914_man_city_brentford,2425,2024-09-14,Brentford,,,fbref_soccerdata,2024-09-15
2425_20240914_southampton_man_united,2425,2024-09-14,Southampton,,,fbref_soccerdata,2024-09-15
2425_20240914_southampton_man_united,2425,2024-09-14,Man United,,,fbref_soccerdata,2024-09-15
2425_20240915_tottenham_arsenal,2425,2024-09-15,Tottenham,,,fbref_soccerdata,2024-09-16
2425_20240915_tottenham_arsenal,2425,2024-09-15,Arsenal,,,fbref_soccerdata,2024-09-16
2425_20240915_wolves_newcastle,2425,2024-09-15,Wolves,,,fbref_soccerdata,2024-09-16
2425_20240915_wolves_newcastle,2425,2024-09-15,Newcastle,,,fbref_soccerdata,2024-09-16
2425_20240921_aston_villa_wolves,2425,2024-09-21,Aston Villa,,,fbref_soccerdata,2024-09-22
2425_20240921_aston_villa_wolves,2425,2024-09-21,Wolves,,,fbref_soccerdata,2024-09-22
2425_20240921_crystal_palace_man_united,2425,2024-09-21,Crystal Palace,,,fbref_soccerdata,2024-09-22
2425_20240921_crystal_palace_man_united,2425,2024-09-21,Man United,,,fbref_soccerdata,2024-09-22
2425_20240921_fulham_newcastle,2425,2024-09-21,Fulham,,,fbref_soccerdata,2024-09-22
2425_20240921_fulham_newcastle,2425,2024-09-21,Newcastle,,,fbref_soccerdata,2024-09-22
2425_20240921_leicester_everton,2425,2024-09-21,Leicester,,,fbref_soccerdata,2024-09-22
2425_20240921_leicester_everton,2425,2024-09-21,Everton,,,fbref_soccerdata,2024-09-22
2425_20240921_liverpool_bournemouth,2425,2024-09-21,Liverpool,,,fbref_soccerdata,2024-09-22
2425_20240921_liverpool_bournemouth,2425,2024-09-21,Bournemouth,,,fbref_soccerdata,2024-09-22
2425_20240921_southampton_ipswich,2425,2024-09-21,Southampton,,,fbref_soccerdata,2024-09-22
2425_20240921_southampton_ipswich,2425,2024-09-21,Ipswich,,,fbref_soccerdata,2024-09-22
2425_20240921_tottenham_brentford,2425,2024-09-21,Tottenham,,,fbref_soccerdata,2024-09-22
2425_20240921_tottenham_brentford,2425,2024-09-21,Brentford,,,fbref_soccerdata,2024-09-22
2425_20240921_west_ham_chelsea,2425,2024-09-21,West Ham,,,fbref_soccerdata,2024-09-22
2425_20240921_west_ham_chelsea,2425,2024-09-21,Chelsea,,,fbref_soccerdata,2024-09-22
2425_20240922_brighton_nottm_forest,2425,2024-09-22,Brighton,,,fbref_soccerdata,2024-09-23
2425_20240922_brighton_nottm_forest,2425,2024-09-22,Nott'm Forest,,,fbref_soccerdata,2024-09-23
2425_20240922_man_city_arsenal,2425,2024-09-22,Man City,,,fbref_soccerdata,2024-09-23
2425_20240922_man_city_arsenal,2425,2024-09-22,Arsenal,,,fbref_soccerdata,2024-09-23
2425_20240928_arsenal_leicester,2425,2024-09-28,Arsenal,,,fbref_soccerdata,2024-09-29
2425_20240928_arsenal_leicester,2425,2024-09-28,Leicester,,,fbref_soccerdata,2024-09-29
2425_20240928_brentford_west_ham,2425,2024-09-28,Brentford,,,fbref_soccerdata,2024-09-29
2425_20240928_brentford_west_ham,2425,2024-09-28,West Ham,,,fbref_soccerdata,2024-09-29
2425_20240928_chelsea_brighton,2425,2024-09-28,Chelsea,,,fbref_soccerdata,2024-09-29
2425_20240928_chelsea_brighton,2425,2024-09-28,Brighton,,,fbref_soccerdata,2024-09-29
2425_20240928_everton_crystal_palace,2425,2024-09-28,Everton,,,fbref_soccerdata,2024-09-29
2425_20240928_everton_crystal_palace,2425,2024-09-28,Crystal Palace,,,fbref_soccerdata,2024-09-29
2425_20240928_newcastle_man_city,2425,2024-09-28,Newcastle,,,fbref_soccerdata,2024-09-29
2425_20240928_newcastle_man_city,2425,2024-09-28,Man City,,,fbref_soccerdata,2024-09-29
2425_20240928_nottm_forest_fulham,2425,2024-09-28,Nott'm Forest,,,fbref_soccerdata,2024-09-29
2425_20240928_nottm_forest_fulham,2425,2024-09-28,Fulham,,,fbref_soccerdata,2024-09-29
2425_20240928_wolves_liverpool,2425,2024-09-28,Wolves,,,fbref_soccerdata,2024-09-29
2425_20240928_wolves_liverpool,2425,2024-09-28,Liverpool,,,fbref_soccerdata,2024-09-29
2425_20240929_ipswich_aston_villa,2425,2024-09-29,Ipswich,,,fbref_soccerdata,2024-09-30
2425_20240929_ipswich_aston_villa,2425,2024-09-29,Aston Villa,,,fbref_soccerdata,2024-09-30
2425_20240929_man_united_tottenham,2425,2024-09-29,Man United,,,fbref_soccerdata,2024-09-30
2425_20240929_man_united_tottenham,2425,2024-09-29,Tottenham,,,fbref_soccerdata,2024-09-30
2425_20240930_bournemouth_southampton,2425,2024-09-30,Bournemouth,,,fbref_soccerdata,2024-10-01
2425_20240930_bournemouth_southampton,2425,2024-09-30,Southampton,,,fbref_soccerdata,2024-10-01
2425_20241005_arsenal_southampton,2425,2024-10-05,Arsenal,,,fbref_soccerdata,2024-10-06
2425_20241005_arsenal_southampton,2425,2024-10-05,Southampton,,,fbref_soccerdata,2024-10-06
2425_20241005_brentford_wolves,2425,2024-10-05,Brentford,,,fbref_soccerdata,2024-10-06
2425_20241005_brentford_wolves,2425,2024-10-05,Wolves,,,fbref_soccerdata,2024-10-06
2425_20241005_crystal_palace_liverpool,2425,2024-10-05,Crystal Palace,,,fbref_soccerdata,2024-10-06
2425_20241005_crystal_palace_liverpool,2425,2024-10-05,Liverpool,,,fbref_soccerdata,2024-10-06
2425_20241005_everton_newcastle,2425,2024-10-05,Everton,,,fbref_soccerdata,2024-10-06
2425_20241005_everton_newcastle,2425,2024-10-05,Newcastle,,,fbref_soccerdata,2024-10-06
2425_20241005_leicester_bournemouth,2425,2024-10-05,Leicester,,,fbref_soccerdata,2024-10-06
2425_20241005_leicester_bournemouth,2425,2024-10-05,Bournemouth,,,fbref_soccerdata,2024-10-06
2425_20241005_man_city_fulham,2425,2024-10-05,Man City,,,fbref_soccerdata,2024-10-06
2425_20241005_man_city_fulham,2425,2024-10-05,Fulham,,,fbref_soccerdata,2024-10-06
2425_20241005_west_ham_ipswich,2425,2024-10-05,West Ham,,,fbref_soccerdata,2024-10-06
2425_20241005_west_ham_ipswich,2425,2024-10-05,Ipswich,,,fbref_soccerdata,2024-10-06
2425_20241006_aston_villa_man_united,2425,2024-10-06,Aston Villa,,,fbref_soccerdata,2024-10-07
2425_20241006_aston_villa_man_united,2425,2024-10-06,Man United,,,fbref_soccerdata,2024-10-07
2425_20241006_brighton_tottenham,2425,2024-10-06,Brighton,,,fbref_soccerdata,2024-10-07
2425_20241006_brighton_tottenham,2425,2024-10-06,Tottenham,,,fbref_soccerdata,2024-10-07
2425_20241006_chelsea_nottm_forest,2425,2024-10-06,Chelsea,,,fbref_soccerdata,2024-10-07
2425_20241006_chelsea_nottm_forest,2425,2024-10-06,Nott'm Forest,,,fbref_soccerdata,2024-10-07
2425_20241019_bournemouth_arsenal,2425,2024-10-19,Bournemouth,,,fbref_soccerdata,2024-10-20
2425_20241019_bournemouth_arsenal,2425,2024-10-19,Arsenal,,,fbref_soccerdata,2024-10-20
2425_20241019_fulham_aston_villa,2425,2024-10-19,Fulham,,,fbref_soccerdata,2024-10-20
2425_20241019_fulham_aston_villa,2425,2024-10-19,Aston Villa,,,fbref_soccerdata,2024-10-20
2425_20241019_ipswich_everton,2425,2024-10-19,Ipswich,,,fbref_soccerdata,2024-10-20
2425_20241019_ipswich_everton,2425,2024-10-19,Everton,,,fbref_soccerdata,2024-10-20
2425_20241019_man_united_brentford,2425,2024-10-19,Man United,,,fbref_soccerdata,2024-10-20
2425_20241019_man_united_brentford,2425,2024-10-19,Brentford,,,fbref_soccerdata,2024-10-20
2425_20241019_newcastle_brighton,2425,2024-10-19,Newcastle,,,fbref_soccerdata,2024-10-20
2425_20241019_newcastle_brighton,2425,2024-10-19,Brighton,,,fbref_soccerdata,2024-10-20
2425_20241019_southampton_leicester,2425,2024-10-19,Southampton,,,fbref_soccerdata,2024-10-20
2425_20241019_southampton_leicester,2425,2024-10-19,Leicester,,,fbref_soccerdata,2024-10-20
2425_20241019_tottenham_west_ham,2425,2024-10-19,Tottenham,,,fbref_soccerdata,2024-10-20
2425_20241019_tottenham_west_ham,2425,2024-10-19,West Ham,,,fbref_soccerdata,2024-10-20
2425_20241020_liverpool_chelsea,2425,2024-10-20,Liverpool,,,fbref_soccerdata,2024-10-21
2425_20241020_liverpool_chelsea,2425,2024-10-20,Chelsea,,,fbref_soccerdata,2024-10-21
2425_20241020_wolves_man_city,2425,2024-10-20,Wolves,,,fbref_soccerdata,2024-10-21
2425_20241020_wolves_man_city,2425,2024-10-20,Man City,,,fbref_soccerdata,2024-10-21
2425_20241021_nottm_forest_crystal_palace,2425,2024-10-21,Nott'm Forest,,,fbref_soccerdata,2024-10-22
2425_20241021_nottm_forest_crystal_palace,2425,2024-10-21,Crystal Palace,,,fbref_soccerdata,2024-10-22
2425_20241025_leicester_nottm_forest,2425,2024-10-25,Leicester,,,fbref_soccerdata,2024-10-26
2425_20241025_leicester_nottm_forest,2425,2024-10-25,Nott'm Forest,,,fbref_soccerdata,2024-10-26
2425_20241026_aston_villa_bournemouth,2425,2024-10-26,Aston Villa,,,fbref_soccerdata,2024-10-27
2425_20241026_aston_villa_bournemouth,2425,2024-10-26,Bournemouth,,,fbref_soccerdata,2024-10-27
2425_20241026_brentford_ipswich,2425,2024-10-26,Brentford,,,fbref_soccerdata,2024-10-27
2425_20241026_brentford_ipswich,2425,2024-10-26,Ipswich,,,fbref_soccerdata,2024-10-27
2425_20241026_brighton_wolves,2425,2024-10-26,Brighton,,,fbref_soccerdata,2024-10-27
2425_20241026_brighton_wolves,2425,2024-10-26,Wolves,,,fbref_soccerdata,2024-10-27
2425_20241026_everton_fulham,2425,2024-10-26,Everton,,,fbref_soccerdata,2024-10-27
2425_20241026_everton_fulham,2425,2024-10-26,Fulham,,,fbref_soccerdata,2024-10-27
2425_20241026_man_city_southampton,2425,2024-10-26,Man City,,,fbref_soccerdata,2024-10-27
2425_20241026_man_city_southampton,2425,2024-10-26,Southampton,,,fbref_soccerdata,2024-10-27
2425_20241027_arsenal_liverpool,2425,2024-10-27,Arsenal,,,fbref_soccerdata,2024-10-28
2425_20241027_arsenal_liverpool,2425,2024-10-27,Liverpool,,,fbref_soccerdata,2024-10-28
2425_20241027_chelsea_newcastle,2425,2024-10-27,Chelsea,,,fbref_soccerdata,2024-10-28
2425_20241027_chelsea_newcastle,2425,2024-10-27,Newcastle,,,fbref_soccerdata,2024-10-28
2425_20241027_crystal_palace_tottenham,2425,2024-10-27,Crystal Palace,,,fbref_soccerdata,2024-10-28
2425_20241027_crystal_palace_tottenham,2425,2024-10-27,Tottenham,,,fbref_soccerdata,2024-10-28
2425_20241027_west_ham_man_united,2425,2024-10-27,West Ham,,,fbref_soccerdata,2024-10-28
2425_20241027_west_ham_man_united,2425,2024-10-27,Man United,,,fbref_soccerdata,2024-10-28
2425_20241102_bournemouth_man_city,2425,2024-11-02,Bournemouth,,,fbref_soccerdata,2024-11-03
2425_20241102_bournemouth_man_city,2425,2024-11-02,Man City,,,fbref_soccerdata,2024-11-03
2425_20241102_ipswich_leicester,2425,2024-11-02,Ipswich,,,fbref_soccerdata,2024-11-03
2425_20241102_ipswich_leicester,2425,2024-11-02,Leicester,,,fbref_soccerdata,2024-11-03
2425_20241102_liverpool_brighton,2425,2024-11-02,Liverpool,,,fbref_soccerdata,2024-11-03
2425_20241102_liverpool_brighton,2425,2024-11-02,Brighton,,,fbref_soccerdata,2024-11-03
2425_20241102_newcastle_arsenal,2425,2024-11-02,Newcastle,,,fbref_soccerdata,2024-11-03
2425_20241102_newcastle_arsenal,2425,2024-11-02,Arsenal,,,fbref_soccerdata,2024-11-03
2425_20241102_nottm_forest_west_ham,2425,2024-11-02,Nott'm Forest,,,fbref_soccerdata,2024-11-03
2425_20241102_nottm_forest_west_ham,2425,2024-11-02,West Ham,,,fbref_soccerdata,2024-11-03
2425_20241102_southampton_everton,2425,2024-11-02,Southampton,,,fbref_soccerdata,2024-11-03
2425_20241102_southampton_everton,2425,2024-11-02,Everton,,,fbref_soccerdata,2024-11-03
2425_20241102_wolves_crystal_palace,2425,2024-11-02,Wolves,,,fbref_soccerdata,2024-11-03
2425_20241102_wolves_crystal_palace,2425,2024-11-02,Crystal Palace,,,fbref_soccerdata,2024-11-03
2425_20241103_man_united_chelsea,2425,2024-11-03,Man United,,,fbref_soccerdata,2024-11-04
2425_20241103_man_united_chelsea,2425,2024-11-03,Chelsea,,,fbref_soccerdata,2024-11-04
2425_20241103_tottenham_aston_villa,2425,2024-11-03,Tottenham,,,fbref_soccerdata,2024-11-04
2425_20241103_tottenham_aston_villa,2425,2024-11-03,Aston Villa,,,fbref_soccerdata,2024-11-04
2425_20241104_fulham_brentford,2425,2024-11-04,Fulham,,,fbref_soccerdata,2024-11-05
2425_20241104_fulham_brentford,2425,2024-11-04,Brentford,,,fbref_soccerdata,2024-11-05
2425_20241109_brentford_bournemouth,2425,2024-11-09,Brentford,,,fbref_soccerdata,2024-11-10
2425_20241109_brentford_bournemouth,2425,2024-11-09,Bournemouth,,,fbref_soccerdata,2024-11-10
2425_20241109_brighton_man_city,2425,2024-11-09,Brighton,,,fbref_soccerdata,2024-11-10
2425_20241109_brighton_man_city,2425,2024-11-09,Man City,,,fbref_soccerdata,2024-11-10
2425_20241109_crystal_palace_fulham,2425,2024-11-09,Crystal Palace,,,fbref_soccerdata,2024-11-10
2425_20241109_crystal_palace_fulham,2425,2024-11-09,Fulham,,,fbref_soccerdata,2024-11-10
2425_20241109_liverpool_aston_villa,2425,2024-11-09,Liverpool,,,fbref_soccerdata,2024-11-10
2425_20241109_liverpool_aston_villa,2425,2024-11-09,Aston Villa,,,fbref_soccerdata,2024-11-10
2425_20241109_west_ham_everton,2425,2024-11-09,West Ham,,,fbref_soccerdata,2024-11-10
2425_20241109_west_ham_everton,2425,2024-11-09,Everton,,,fbref_soccerdata,2024-11-10
2425_20241109_wolves_southampton,2425,2024-11-09,Wolves,,,fbref_soccerdata,2024-11-10
2425_20241109_wolves_southampton,2425,2024-11-09,Southampton,,,fbref_soccerdata,2024-11-10
2425_20241110_chelsea_arsenal,2425,2024-11-10,Chelsea,,,fbref_soccerdata,2024-11-11
2425_20241110_chelsea_arsenal,2425,2024-11-10,Arsenal,,,fbref_soccerdata,2024-11-11
2425_20241110_man_united_leicester,2425,2024-11-10,Man United,,,fbref_soccerdata,2024-11-11
2425_20241110_man_united_leicester,2425,2024-11-10,Leicester,,,fbref_soccerdata,2024-11-11
2425_20241110_nottm_forest_newcastle,2425,2024-11-10,Nott'm Forest,,,fbref_soccerdata,2024-11-11
2425_20241110_nottm_forest_newcastle,2425,2024-11-10,Newcastle,,,fbref_soccerdata,2024-11-11
2425_20241110_tottenham_ipswich,2425,2024-11-10,Tottenham,,,fbref_soccerdata,2024-11-11
2425_20241110_tottenham_ipswich,2425,2024-11-10,Ipswich,,,fbref_soccerdata,2024-11-11
2425_20241123_arsenal_nottm_forest,2425,2024-11-23,Arsenal,,,fbref_soccerdata,2024-11-24
2425_20241123_arsenal_nottm_forest,2425,2024-11-23,Nott'm Forest,,,fbref_soccerdata,2024-11-24
2425_20241123_aston_villa_crystal_palace,2425,2024-11-23,Aston Villa,,,fbref_soccerdata,2024-11-24
2425_20241123_aston_villa_crystal_palace,2425,2024-11-23,Crystal Palace,,,fbref_soccerdata,2024-11-24
2425_20241123_bournemouth_brighton,2425,2024-11-23,Bournemouth,,,fbref_soccerdata,2024-11-24
2425_20241123_bournemouth_brighton,2425,2024-11-23,Brighton,,,fbref_soccerdata,2024-11-24
2425_20241123_everton_brentford,2425,2024-11-23,Everton,,,fbref_soccerdata,2024-11-24
2425_20241123_everton_brentford,2425,2024-11-23,Brentford,,,fbref_soccerdata,2024-11-24
2425_20241123_fulham_wolves,2425,2024-11-23,Fulham,,,fbref_soccerdata,2024-11-24
2425_20241123_fulham_wolves,2425,2024-11-23,Wolves,,,fbref_soccerdata,2024-11-24
2425_20241123_leicester_chelsea,2425,2024-11-23,Leicester,,,fbref_soccerdata,2024-11-24
2425_20241123_leicester_chelsea,2425,2024-11-23,Chelsea,,,fbref_soccerdata,2024-11-24
2425_20241123_man_city_tottenham,2425,2024-11-23,Man City,,,fbref_soccerdata,2024-11-24
2425_20241123_man_city_tottenham,2425,2024-11-23,Tottenham,,,fbref_soccerdata,2024-11-24
2425_20241124_ipswich_man_united,2425,2024-11-24,Ipswich,,,fbref_soccerdata,2024-11-25
2425_20241124_ipswich_man_united,2425,2024-11-24,Man United,,,fbref_soccerdata,2024-11-25
2425_20241124_southampton_liverpool,2425,2024-11-24,Southampton,,,fbref_soccerdata,2024-11-25
2425_20241124_southampton_liverpool,2425,2024-11-24,Liverpool,,,fbref_soccerdata,2024-11-25
2425_20241125_newcastle_west_ham,2425,2024-11-25,Newcastle,,,fbref_soccerdata,2024-11-26
2425_20241125_newcastle_west_ham,2425,2024-11-25,West Ham,,,fbref_soccerdata,2024-11-26
2425_20241129_brighton_southampton,2425,2024-11-29,Brighton,,,fbref_soccerdata,2024-11-30
2425_20241129_brighton_southampton,2425,2024-11-29,Southampton,,,fbref_soccerdata,2024-11-30
2425_20241130_brentford_leicester,2425,2024-11-30,Brentford,,,fbref_soccerdata,2024-12-01
2425_20241130_brentford_leicester,2425,2024-11-30,Leicester,,,fbref_soccerdata,2024-12-01
2425_20241130_crystal_palace_newcastle,2425,2024-11-30,Crystal Palace,,,fbref_soccerdata,2024-12-01
2425_20241130_crystal_palace_newcastle,2425,2024-11-30,Newcastle,,,fbref_soccerdata,2024-12-01
2425_20241130_nottm_forest_ipswich,2425,2024-11-30,Nott'm Forest,,,fbref_soccerdata,2024-12-01
2425_20241130_nottm_forest_ipswich,2425,2024-11-30,Ipswich,,,fbref_soccerdata,2024-12-01
2425_20241130_west_ham_arsenal,2425,2024-11-30,West Ham,,,fbref_soccerdata,2024-12-01
2425_20241130_west_ham_arsenal,2425,2024-11-30,Arsenal,,,fbref_soccerdata,2024-12-01
2425_20241130_wolves_bournemouth,2425,2024-11-30,Wolves,,,fbref_soccerdata,2024-12-01
2425_20241130_wolves_bournemouth,2425,2024-11-30,Bournemouth,,,fbref_soccerdata,2024-12-01
2425_20241201_chelsea_aston_villa,2425,2024-12-01,Chelsea,,,fbref_soccerdata,2024-12-02
2425_20241201_chelsea_aston_villa,2425,2024-12-01,Aston Villa,,,fbref_soccerdata,2024-12-02
2425_20241201_liverpool_man_city,2425,2024-12-01,Liverpool,,,fbref_soccerdata,2024-12-02
2425_20241201_liverpool_man_city,2425,2024-12-01,Man City,,,fbref_soccerdata,2024-12-02
2425_20241201_man_united_everton,2425,2024-12-01,Man United,,,fbref_soccerdata,2024-12-02
2425_20241201_man_united_everton,2425,2024-12-01,Everton,,,fbref_soccerdata,2024-12-02
2425_20241201_tottenham_fulham,2425,2024-12-01,Tottenham,,,fbref_soccerdata,2024-12-02
2425_20241201_tottenham_fulham,2425,2024-12-01,Fulham,,,fbref_soccerdata,2024-12-02
2425_20241203_ipswich_crystal_palace,2425,2024-12-03,Ipswich,,,fbref_soccerdata,2024-12-04
2425_20241203_ipswich_crystal_palace,2425,2024-12-03,Crystal Palace,,,fbref_soccerdata,2024-12-04
2425_20241203_leicester_west_ham,2425,2024-12-03,Leicester,,,fbref_soccerdata,2024-12-04
2425_20241203_leicester_west_ham,2425,2024-12-03,West Ham,,,fbref_soccerdata,2024-12-04
2425_20241204_arsenal_man_united,2425,2024-12-04,Arsenal,,,fbref_soccerdata,2024-12-05
2425_20241204_arsenal_man_united,2425,2024-12-04,Man United,,,fbref_soccerdata,2024-12-05
2425_20241204_aston_villa_brentford,2425,2024-12-04,Aston Villa,,,fbref_soccerdata,2024-12-05
2425_20241204_aston_villa_brentford,2425,2024-12-04,Brentford,,,fbref_soccerdata,2024-12-05
2425_20241204_everton_wolves,2425,2024-12-04,Everton,,,fbref_soccerdata,2024-12-05
2425_20241204_everton_wolves,2425,2024-12-04,Wolves,,,fbref_soccerdata,2024-12-05
2425_20241204_man_city_nottm_forest,2425,2024-12-04,Man City,,,fbref_soccerdata,2024-12-05
2425_20241204_man_city_nottm_forest,2425,2024-12-04,Nott'm Forest,,,fbref_soccerdata,2024-12-05
2425_20241204_newcastle_liverpool,2425,2024-12-04,Newcastle,,,fbref_soccerdata,2024-12-05
2425_20241204_newcastle_liverpool,2425,2024-12-04,Liverpool,,,fbref_soccerdata,2024-12-05
2425_20241204_southampton_chelsea,2425,2024-12-04,Southampton,,,fbref_soccerdata,2024-12-05
2425_20241204_southampton_chelsea,2425,2024-12-04,Chelsea,,,fbref_soccerdata,2024-12-05
2425_20241205_bournemouth_tottenham,2425,2024-12-05,Bournemouth,,,fbref_soccerdata,2024-12-06
2425_20241205_bournemouth_tottenham,2425,2024-12-05,Tottenham,,,fbref_soccerdata,2024-12-06
2425_20241205_fulham_brighton,2425,2024-12-05,Fulham,,,fbref_soccerdata,2024-12-06
2425_20241205_fulham_brighton,2425,2024-12-05,Brighton,,,fbref_soccerdata,2024-12-06
2425_20241207_aston_villa_southampton,2425,2024-12-07,Aston Villa,,,fbref_soccerdata,2024-12-08
2425_20241207_aston_villa_southampton,2425,2024-12-07,Southampton,,,fbref_soccerdata,2024-12-08
2425_20241207_brentford_newcastle,2425,2024-12-07,Brentford,,,fbref_soccerdata,2024-12-08
2425_20241207_brentford_newcastle,2425,2024-12-07,Newcastle,,,fbref_soccerdata,2024-12-08
2425_20241207_crystal_palace_man_city,2425,2024-12-07,Crystal Palace,,,fbref_soccerdata,2024-12-08
2425_20241207_crystal_palace_man_city,2425,2024-12-07,Man City,,,fbref_soccerdata,2024-12-08
2425_20241207_man_united_nottm_forest,2425,2024-12-07,Man United,,,fbref_soccerdata,2024-12-08
2425_20241207_man_united_nottm_forest,2425,2024-12-07,Nott'm Forest,,,fbref_soccerdata,2024-12-08
2425_20241208_fulham_arsenal,2425,2024-12-08,Fulham,,,fbref_soccerdata,2024-12-09
2425_20241208_fulham_arsenal,2425,2024-12-08,Arsenal,,,fbref_soccerdata,2024-12-09
2425_20241208_ipswich_bournemouth,2425,2024-12-08,Ipswich,,,fbref_soccerdata,2024-12-09
2425_20241208_ipswich_bournemouth,2425,2024-12-08,Bournemouth,,,fbref_soccerdata,2024-12-09
2425_20241208_leicester_brighton,2425,2024-12-08,Leicester,,,fbref_soccerdata,2024-12-09
2425_20241208_leicester_brighton,2425,2024-12-08,Brighton,,,fbref_soccerdata,2024-12-09
2425_20241208_tottenham_chelsea,2425,2024-12-08,Tottenham,,,fbref_soccerdata,2024-12-09
2425_20241208_tottenham_chelsea,2425,2024-12-08,Chelsea,,,fbref_soccerdata,2024-12-09
2425_20241209_west_ham_wolves,2425,2024-12-09,West Ham,,,fbref_soccerdata,2024-12-10
2425_20241209_west_ham_wolves,2425,2024-12-09,Wolves,,,fbref_soccerdata,2024-12-10
2425_20241214_arsenal_everton,2425,2024-12-14,Arsenal,,,fbref_soccerdata,2024-12-15
2425_20241214_arsenal_everton,2425,2024-12-14,Everton,,,fbref_soccerdata,2024-12-15
2425_20241214_liverpool_fulham,2425,2024-12-14,Liverpool,,,fbref_soccerdata,2024-12-15
2425_20241214_liverpool_fulham,2425,2024-12-14,Fulham,,,fbref_soccerdata,2024-12-15
2425_20241214_newcastle_leicester,2425,2024-12-14,Newcastle,,,fbref_soccerdata,2024-12-15
2425_20241214_newcastle_leicester,2425,2024-12-14,Leicester,,,fbref_soccerdata,2024-12-15
2425_20241214_nottm_forest_aston_villa,2425,2024-12-14,Nott'm Forest,,,fbref_soccerdata,2024-12-15
2425_20241214_nottm_forest_aston_villa,2425,2024-12-14,Aston Villa,,,fbref_soccerdata,2024-12-15
2425_20241214_wolves_ipswich,2425,2024-12-14,Wolves,,,fbref_soccerdata,2024-12-15
2425_20241214_wolves_ipswich,2425,2024-12-14,Ipswich,,,fbref_soccerdata,2024-12-15
2425_20241215_brighton_crystal_palace,2425,2024-12-15,Brighton,,,fbref_soccerdata,2024-12-16
2425_20241215_brighton_crystal_palace,2425,2024-12-15,Crystal Palace,,,fbref_soccerdata,2024-12-16
2425_20241215_chelsea_brentford,2425,2024-12-15,Chelsea,,,fbref_soccerdata,2024-12-16
2425_20241215_chelsea_brentford,2425,2024-12-15,Brentford,,,fbref_soccerdata,2024-12-16
2425_20241215_man_city_man_united,2425,2024-12-15,Man City,,,fbref_soccerdata,2024-12-16
2425_20241215_man_city_man_united,2425,2024-12-15,Man United,,,fbref_soccerdata,2024-12-16
2425_20241215_southampton_tottenham,2425,2024-12-15,Southampton,,,fbref_soccerdata,2024-12-16
2425_20241215_southampton_tottenham,2425,2024-12-15,Tottenham,,,fbref_soccerdata,2024-12-16
2425_20241216_bournemouth_west_ham,2425,2024-12-16,Bournemouth,,,fbref_soccerdata,2024-12-17
2425_20241216_bournemouth_west_ham,2425,2024-12-16,West Ham,,,fbref_soccerdata,2024-12-17
2425_20241221_aston_villa_man_city,2425,2024-12-21,Aston Villa,,,fbref_soccerdata,2024-12-22
2425_20241221_aston_villa_man_city,2425,2024-12-21,Man City,,,fbref_soccerdata,2024-12-22
2425_20241221_brentford_nottm_forest,2425,2024-12-21,Brentford,,,fbref_soccerdata,2024-12-22
2425_20241221_brentford_nottm_forest,2425,2024-12-21,Nott'm Forest,,,fbref_soccerdata,2024-12-22
2425_20241221_crystal_palace_arsenal,2425,2024-12-21,Crystal Palace,,,fbref_soccerdata,2024-12-22
2425_20241221_crystal_palace_arsenal,2425,2024-12-21,Arsenal,,,fbref_soccerdata,2024-12-22
2425_20241221_ipswich_newcastle,2425,2024-12-21,Ipswich,,,fbref_soccerdata,2024-12-22
2425_20241221_ipswich_newcastle,2425,2024-12-21,Newcastle,,,fbref_soccerdata,2024-12-22
2425_20241221_west_ham_brighton,2425,2024-12-21,West Ham,,,fbref_soccerdata,2024-12-22
2425_20241221_west_ham_brighton,2425,2024-12-21,Brighton,,,fbref_soccerdata,2024-12-22
2425_20241222_everton_chelsea,2425,2024-12-22,Everton,,,fbref_soccerdata,2024-12-23
2425_20241222_everton_chelsea,2425,2024-12-22,Chelsea,,,fbref_soccerdata,2024-12-23
2425_20241222_fulham_southampton,2425,2024-12-22,Fulham,,,fbref_soccerdata,2024-12-23
2425_20241222_fulham_southampton,2425,2024-12-22,Southampton,,,fbref_soccerdata,2024-12-23
2425_20241222_leicester_wolves,2425,2024-12-22,Leicester,,,fbref_soccerdata,2024-12-23
2425_20241222_leicester_wolves,2425,2024-12-22,Wolves,,,fbref_soccerdata,2024-12-23
2425_20241222_man_united_bournemouth,2425,2024-12-22,Man United,,,fbref_soccerdata,2024-12-23
2425_20241222_man_united_bournemouth,2425,2024-12-22,Bournemouth,,,fbref_soccerdata,2024-12-23
2425_20241222_tottenham_liverpool,2425,2024-12-22,Tottenham,,,fbref_soccerdata,2024-12-23
2425_20241222_tottenham_liverpool,2425,2024-12-22,Liverpool,,,fbref_soccerdata,2024-12-23
2425_20241226_bournemouth_crystal_palace,2425,2024-12-26,Bournemouth,,,fbref_soccerdata,2024-12-27
2425_20241226_bournemouth_crystal_palace,2425,2024-12-26,Crystal Palace,,,fbref_soccerdata,2024-12-27
2425_20241226_chelsea_fulham,2425,2024-12-26,Chelsea,,,fbref_soccerdata,2024-12-27
2425_20241226_chelsea_fulham,2425,2024-12-26,Fulham,,,fbref_soccerdata,2024-12-27
2425_20241226_liverpool_leicester,2425,2024-12-26,Liverpool,,,fbref_soccerdata,2024-12-27
2425_20241226_liverpool_leicester,2425,2024-12-26,Leicester,,,fbref_soccerdata,2024-12-27
2425_20241226_man_city_everton,2425,2024-12-26,Man City,,,fbref_soccerdata,2024-12-27
2425_20241226_man_city_everton,2425,2024-12-26,Everton,,,fbref_soccerdata,2024-12-27
2425_20241226_newcastle_aston_villa,2425,2024-12-26,Newcastle,,,fbref_soccerdata,2024-12-27
2425_20241226_newcastle_aston_villa,2425,2024-12-26,Aston Villa,,,fbref_soccerdata,2024-12-27
2425_20241226_nottm_forest_tottenham,2425,2024-12-26,Nott'm Forest,,,fbref_soccerdata,2024-12-27
2425_20241226_nottm_forest_tottenham,2425,2024-12-26,Tottenham,,,fbref_soccerdata,2024-12-27
2425_20241226_southampton_west_ham,2425,2024-12-26,Southampton,,,fbref_soccerdata,2024-12-27
2425_20241226_southampton_west_ham,2425,2024-12-26,West Ham,,,fbref_soccerdata,2024-12-27
2425_20241226_wolves_man_united,2425,2024-12-26,Wolves,,,fbref_soccerdata,2024-12-27
2425_20241226_wolves_man_united,2425,2024-12-26,Man United,,,fbref_soccerdata,2024-12-27
2425_20241227_arsenal_ipswich,2425,2024-12-27,Arsenal,,,fbref_soccerdata,2024-12-28
2425_20241227_arsenal_ipswich,2425,2024-12-27,Ipswich,,,fbref_soccerdata,2024-12-28
2425_20241227_brighton_brentford,2425,2024-12-27,Brighton,,,fbref_soccerdata,2024-12-28
2425_20241227_brighton_brentford,2425,2024-12-27,Brentford,,,fbref_soccerdata,2024-12-28
2425_20241229_crystal_palace_southampton,2425,2024-12-29,Crystal Palace,,,fbref_soccerdata,2024-12-30
2425_20241229_crystal_palace_southampton,2425,2024-12-29,Southampton,,,fbref_soccerdata,2024-12-30
2425_20241229_everton_nottm_forest,2425,2024-12-29,Everton,,,fbref_soccerdata,2024-12-30
2425_20241229_everton_nottm_forest,2425,2024-12-29,Nott'm Forest,,,fbref_soccerdata,2024-12-30
2425_20241229_fulham_bournemouth,2425,2024-12-29,Fulham,,,fbref_soccerdata,2024-12-30
2425_20241229_fulham_bournemouth,2425,2024-12-29,Bournemouth,,,fbref_soccerdata,2024-12-30
2425_20241229_leicester_man_city,2425,2024-12-29,Leicester,,,fbref_soccerdata,2024-12-30
2425_20241229_leicester_man_city,2425,2024-12-29,Man City,,,fbref_soccerdata,2024-12-30
2425_20241229_tottenham_wolves,2425,2024-12-29,Tottenham,,,fbref_soccerdata,2024-12-30
2425_20241229_tottenham_wolves,2425,2024-12-29,Wolves,,,fbref_soccerdata,2024-12-30
2425_20241229_west_ham_liverpool,2425,2024-12-29,West Ham,,,fbref_soccerdata,2024-12-30
2425_20241229_west_ham_liverpool,2425,2024-12-29,Liverpool,,,fbref_soccerdata,2024-12-30
2425_20241230_aston_villa_brighton,2425,2024-12-30,Aston Villa,,,fbref_soccerdata,2024-12-31
2425_20241230_aston_villa_brighton,2425,2024-12-30,Brighton,,,fbref_soccerdata,2024-12-31
2425_20241230_ipswich_chelsea,2425,2024-12-30,Ipswich,,,fbref_soccerdata,2024-12-31
2425_20241230_ipswich_chelsea,2425,2024-12-30,Chelsea,,,fbref_soccerdata,2024-12-31
2425_20241230_man_united_newcastle,2425,2024-12-30,Man United,,,fbref_soccerdata,2024-12-31
2425_20241230_man_united_newcastle,2425,2024-12-30,Newcastle,,,fbref_soccerdata,2024-12-31
2425_20250101_brentford_arsenal,2425,2025-01-01,Brentford,,,fbref_soccerdata,2025-01-02
2425_20250101_brentford_arsenal,2425,2025-01-01,Arsenal,,,fbref_soccerdata,2025-01-02
2425_20250104_aston_villa_leicester,2425,2025-01-04,Aston Villa,,,fbref_soccerdata,2025-01-05
2425_20250104_aston_villa_leicester,2425,2025-01-04,Leicester,,,fbref_soccerdata,2025-01-05
2425_20250104_bournemouth_everton,2425,2025-01-04,Bournemouth,,,fbref_soccerdata,2025-01-05
2425_20250104_bournemouth_everton,2425,2025-01-04,Everton,,,fbref_soccerdata,2025-01-05
2425_20250104_brighton_arsenal,2425,2025-01-04,Brighton,,,fbref_soccerdata,2025-01-05
2425_20250104_brighton_arsenal,2425,2025-01-04,Arsenal,,,fbref_soccerdata,2025-01-05
2425_20250104_crystal_palace_chelsea,2425,2025-01-04,Crystal Palace,,,fbref_soccerdata,2025-01-05
2425_20250104_crystal_palace_chelsea,2425,2025-01-04,Chelsea,,,fbref_soccerdata,2025-01-05
2425_20250104_man_city_west_ham,2425,2025-01-04,Man City,,,fbref_soccerdata,2025-01-05
2425_20250104_man_city_west_ham,2425,2025-01-04,West Ham,,,fbref_soccerdata,2025-01-05
2425_20250104_southampton_brentford,2425,2025-01-04,Southampton,,,fbref_soccerdata,2025-01-05
2425_20250104_southampton_brentford,2425,2025-01-04,Brentford,,,fbref_soccerdata,2025-01-05
2425_20250104_tottenham_newcastle,2425,2025-01-04,Tottenham,,,fbref_soccerdata,2025-01-05
2425_20250104_tottenham_newcastle,2425,2025-01-04,Newcastle,,,fbref_soccerdata,2025-01-05
2425_20250105_fulham_ipswich,2425,2025-01-05,Fulham,,,fbref_soccerdata,2025-01-06
2425_20250105_fulham_ipswich,2425,2025-01-05,Ipswich,,,fbref_soccerdata,2025-01-06
2425_20250105_liverpool_man_united,2425,2025-01-05,Liverpool,,,fbref_soccerdata,2025-01-06
2425_20250105_liverpool_man_united,2425,2025-01-05,Man United,,,fbref_soccerdata,2025-01-06
2425_20250106_wolves_nottm_forest,2425,2025-01-06,Wolves,,,fbref_soccerdata,2025-01-07
2425_20250106_wolves_nottm_forest,2425,2025-01-06,Nott'm Forest,,,fbref_soccerdata,2025-01-07
2425_20250114_brentford_man_city,2425,2025-01-14,Brentford,,,fbref_soccerdata,2025-01-15
2425_20250114_brentford_man_city,2425,2025-01-14,Man City,,,fbref_soccerdata,2025-01-15
2425_20250114_chelsea_bournemouth,2425,2025-01-14,Chelsea,,,fbref_soccerdata,2025-01-15
2425_20250114_chelsea_bournemouth,2425,2025-01-14,Bournemouth,,,fbref_soccerdata,2025-01-15
2425_20250114_nottm_forest_liverpool,2425,2025-01-14,Nott'm Forest,,,fbref_soccerdata,2025-01-15
2425_20250114_nottm_forest_liverpool,2425,2025-01-14,Liverpool,,,fbref_soccerdata,2025-01-15
2425_20250114_west_ham_fulham,2425,2025-01-14,West Ham,,,fbref_soccerdata,2025-01-15
2425_20250114_west_ham_fulham,2425,2025-01-14,Fulham,,,fbref_soccerdata,2025-01-15
2425_20250115_arsenal_tottenham,2425,2025-01-15,Arsenal,,,fbref_soccerdata,2025-01-16
2425_20250115_arsenal_tottenham,2425,2025-01-15,Tottenham,,,fbref_soccerdata,2025-01-16
2425_20250115_everton_aston_villa,2425,2025-01-15,Everton,,,fbref_soccerdata,2025-01-16
2425_20250115_everton_aston_villa,2425,2025-01-15,Aston Villa,,,fbref_soccerdata,2025-01-16
2425_20250115_leicester_crystal_palace,2425,2025-01-15,Leicester,,,fbref_soccerdata,2025-01-16
2425_20250115_leicester_crystal_palace,2425,2025-01-15,Crystal Palace,,,fbref_soccerdata,2025-01-16
2425_20250115_newcastle_wolves,2425,2025-01-15,Newcastle,,,fbref_soccerdata,2025-01-16
2425_20250115_newcastle_wolves,2425,2025-01-15,Wolves,,,fbref_soccerdata,2025-01-16
2425_20250116_ipswich_brighton,2425,2025-01-16,Ipswich,,,fbref_soccerdata,2025-01-17
2425_20250116_ipswich_brighton,2425,2025-01-16,Brighton,,,fbref_soccerdata,2025-01-17
2425_20250116_man_united_southampton,2425,2025-01-16,Man United,,,fbref_soccerdata,2025-01-17
2425_20250116_man_united_southampton,2425,2025-01-16,Southampton,,,fbref_soccerdata,2025-01-17
2425_20250118_arsenal_aston_villa,2425,2025-01-18,Arsenal,,,fbref_soccerdata,2025-01-19
2425_20250118_arsenal_aston_villa,2425,2025-01-18,Aston Villa,,,fbref_soccerdata,2025-01-19
2425_20250118_brentford_liverpool,2425,2025-01-18,Brentford,,,fbref_soccerdata,2025-01-19
2425_20250118_brentford_liverpool,2425,2025-01-18,Liverpool,,,fbref_soccerdata,2025-01-19
2425_20250118_leicester_fulham,2425,2025-01-18,Leicester,,,fbref_soccerdata,2025-01-19
2425_20250118_leicester_fulham,2425,2025-01-18,Fulham,,,fbref_soccerdata,2025-01-19
2425_20250118_newcastle_bournemouth,2425,2025-01-18,Newcastle,,,fbref_soccerdata,2025-01-19
2425_20250118_newcastle_bournemouth,2425,2025-01-18,Bournemouth,,,fbref_soccerdata,2025-01-19
2425_20250118_west_ham_crystal_palace,2425,2025-01-18,West Ham,,,fbref_soccerdata,2025-01-19
2425_20250118_west_ham_crystal_palace,2425,2025-01-18,Crystal Palace,,,fbref_soccerdata,2025-01-19
2425_20250119_everton_tottenham,2425,2025-01-19,Everton,,,fbref_soccerdata,2025-01-20
2425_20250119_everton_tottenham,2425,2025-01-19,Tottenham,,,fbref_soccerdata,2025-01-20
2425_20250119_ipswich_man_city,2425,2025-01-19,Ipswich,,,fbref_soccerdata,2025-01-20
2425_20250119_ipswich_man_city,2425,2025-01-19,Man City,,,fbref_soccerdata,2025-01-20
2425_20250119_man_united_brighton,2425,2025-01-19,Man United,,,fbref_soccerdata,2025-01-20
2425_20250119_man_united_brighton,2425,2025-01-19,Brighton,,,fbref_soccerdata,2025-01-20
2425_20250119_nottm_forest_southampton,2425,2025-01-19,Nott'm Forest,,,fbref_soccerdata,2025-01-20
2425_20250119_nottm_forest_southampton,2425,2025-01-19,Southampton,,,fbref_soccerdata,2025-01-20
2425_20250120_chelsea_wolves,2425,2025-01-20,Chelsea,,,fbref_soccerdata,2025-01-21
2425_20250120_chelsea_wolves,2425,2025-01-20,Wolves,,,fbref_soccerdata,2025-01-21
2425_20250125_bournemouth_nottm_forest,2425,2025-01-25,Bournemouth,,,fbref_soccerdata,2025-01-26
2425_20250125_bournemouth_nottm_forest,2425,2025-01-25,Nott'm Forest,,,fbref_soccerdata,2025-01-26
2425_20250125_brighton_everton,2425,2025-01-25,Brighton,,,fbref_soccerdata,2025-01-26
2425_20250125_brighton_everton,2425,2025-01-25,Everton,,,fbref_soccerdata,2025-01-26
2425_20250125_liverpool_ipswich,2425,2025-01-25,Liverpool,,,fbref_soccerdata,2025-01-26
2425_20250125_liverpool_ipswich,2425,2025-01-25,Ipswich,,,fbref_soccerdata,2025-01-26
2425_20250125_man_city_chelsea,2425,2025-01-25,Man City,,,fbref_soccerdata,2025-01-26
2425_20250125_man_city_chelsea,2425,2025-01-25,Chelsea,,,fbref_soccerdata,2025-01-26
2425_20250125_southampton_newcastle,2425,2025-01-25,Southampton,,,fbref_soccerdata,2025-01-26
2425_20250125_southampton_newcastle,2425,2025-01-25,Newcastle,,,fbref_soccerdata,2025-01-26
2425_20250125_wolves_arsenal,2425,2025-01-25,Wolves,,,fbref_soccerdata,2025-01-26
2425_20250125_wolves_arsenal,2425,2025-01-25,Arsenal,,,fbref_soccerdata,2025-01-26
2425_20250126_aston_villa_west_ham,2425,2025-01-26,Aston Villa,,,fbref_soccerdata,2025-01-27
2425_20250126_aston_villa_west_ham,2425,2025-01-26,West Ham,,,fbref_soccerdata,2025-01-27
2425_20250126_crystal_palace_brentford,2425,2025-01-26,Crystal Palace,,,fbref_soccerdata,2025-01-27
2425_20250126_crystal_palace_brentford,2425,2025-01-26,Brentford,,,fbref_soccerdata,2025-01-27
2425_20250126_fulham_man_united,2425,2025-01-26,Fulham,,,fbref_soccerdata,2025-01-27
2425_20250126_fulham_man_united,2425,2025-01-26,Man United,,,fbref_soccerdata,2025-01-27
2425_20250126_tottenham_leicester,2425,2025-01-26,Tottenham,,,fbref_soccerdata,2025-01-27
2425_20250126_tottenham_leicester,2425,2025-01-26,Leicester,,,fbref_soccerdata,2025-01-27
2425_20250201_bournemouth_liverpool,2425,2025-02-01,Bournemouth,,,fbref_soccerdata,2025-02-02
2425_20250201_bournemouth_liverpool,2425,2025-02-01,Liverpool,,,fbref_soccerdata,2025-02-02
2425_20250201_everton_leicester,2425,2025-02-01,Everton,,,fbref_soccerdata,2025-02-02
2425_20250201_everton_leicester,2425,2025-02-01,Leicester,,,fbref_soccerdata,2025-02-02
2425_20250201_ipswich_southampton,2425,2025-02-01,Ipswich,,,fbref_soccerdata,2025-02-02
2425_20250201_ipswich_southampton,2425,2025-02-01,Southampton,,,fbref_soccerdata,2025-02-02
2425_20250201_newcastle_fulham,2425,2025-02-01,Newcastle,,,fbref_soccerdata,2025-02-02
2425_20250201_newcastle_fulham,2425,2025-02-01,Fulham,,,fbref_soccerdata,2025-02-02
2425_20250201_nottm_forest_brighton,2425,2025-02-01,Nott'm Forest,,,fbref_soccerdata,2025-02-02
2425_20250201_nottm_forest_brighton,2425,2025-02-01,Brighton,,,fbref_soccerdata,2025-02-02
2425_20250201_wolves_aston_villa,2425,2025-02-01,Wolves,,,fbref_soccerdata,2025-02-02
2425_20250201_wolves_aston_villa,2425,2025-02-01,Aston Villa,,,fbref_soccerdata,2025-02-02
2425_20250202_arsenal_man_city,2425,2025-02-02,Arsenal,,,fbref_soccerdata,2025-02-03
2425_20250202_arsenal_man_city,2425,2025-02-02,Man City,,,fbref_soccerdata,2025-02-03
2425_20250202_brentford_tottenham,2425,2025-02-02,Brentford,,,fbref_soccerdata,2025-02-03
2425_20250202_brentford_tottenham,2425,2025-02-02,Tottenham,,,fbref_soccerdata,2025-02-03
2425_20250202_man_united_crystal_palace,2425,2025-02-02,Man United,,,fbref_soccerdata,2025-02-03
2425_20250202_man_united_crystal_palace,2425,2025-02-02,Crystal Palace,,,fbref_soccerdata,2025-02-03
2425_20250203_chelsea_west_ham,2425,2025-02-03,Chelsea,,,fbref_soccerdata,2025-02-04
2425_20250203_chelsea_west_ham,2425,2025-02-03,West Ham,,,fbref_soccerdata,2025-02-04
2425_20250212_everton_liverpool,2425,2025-02-12,Everton,,,fbref_soccerdata,2025-02-13
2425_20250212_everton_liverpool,2425,2025-02-12,Liverpool,,,fbref_soccerdata,2025-02-13
2425_20250214_brighton_chelsea,2425,2025-02-14,Brighton,,,fbref_soccerdata,2025-02-15
2425_20250214_brighton_chelsea,2425,2025-02-14,Chelsea,,,fbref_soccerdata,2025-02-15
2425_20250215_aston_villa_ipswich,2425,2025-02-15,Aston Villa,,,fbref_soccerdata,2025-02-16
2425_20250215_aston_villa_ipswich,2425,2025-02-15,Ipswich,,,fbref_soccerdata,2025-02-16
2425_20250215_crystal_palace_everton,2425,2025-02-15,Crystal Palace,,,fbref_soccerdata,2025-02-16
2425_20250215_crystal_palace_everton,2425,2025-02-15,Everton,,,fbref_soccerdata,2025-02-16
2425_20250215_fulham_nottm_forest,2425,2025-02-15,Fulham,,,fbref_soccerdata,2025-02-16
2425_20250215_fulham_nottm_forest,2425,2025-02-15,Nott'm Forest,,,fbref_soccerdata,2025-02-16
2425_20250215_leicester_arsenal,2425,2025-02-15,Leicester,,,fbref_soccerdata,2025-02-16
2425_20250215_leicester_arsenal,2425,2025-02-15,Arsenal,,,fbref_soccerdata,2025-02-16
2425_20250215_man_city_newcastle,2425,2025-02-15,Man City,,,fbref_soccerdata,2025-02-16
2425_20250215_man_city_newcastle,2425,2025-02-15,Newcastle,,,fbref_soccerdata,2025-02-16
2425_20250215_southampton_bournemouth,2425,2025-02-15,Southampton,,,fbref_soccerdata,2025-02-16
2425_20250215_southampton_bournemouth,2425,2025-02-15,Bournemouth,,,fbref_soccerdata,2025-02-16
2425_20250215_west_ham_brentford,2425,2025-02-15,West Ham,,,fbref_soccerdata,2025-02-16
2425_20250215_west_ham_brentford,2425,2025-02-15,Brentford,,,fbref_soccerdata,2025-02-16
2425_20250216_liverpool_wolves,2425,2025-02-16,Liverpool,,,fbref_soccerdata,2025-02-17
2425_20250216_liverpool_wolves,2425,2025-02-16,Wolves,,,fbref_soccerdata,2025-02-17
2425_20250216_tottenham_man_united,2425,2025-02-16,Tottenham,,,fbref_soccerdata,2025-02-17
2425_20250216_tottenham_man_united,2425,2025-02-16,Man United,,,fbref_soccerdata,2025-02-17
2425_20250219_aston_villa_liverpool,2425,2025-02-19,Aston Villa,,,fbref_soccerdata,2025-02-20
2425_20250219_aston_villa_liverpool,2425,2025-02-19,Liverpool,,,fbref_soccerdata,2025-02-20
2425_20250221_leicester_brentford,2425,2025-02-21,Leicester,,,fbref_soccerdata,2025-02-22
2425_20250221_leicester_brentford,2425,2025-02-21,Brentford,,,fbref_soccerdata,2025-02-22
2425_20250222_arsenal_west_ham,2425,2025-02-22,Arsenal,,,fbref_soccerdata,2025-02-23
2425_20250222_arsenal_west_ham,2425,2025-02-22,West Ham,,,fbref_soccerdata,2025-02-23
2425_20250222_aston_villa_chelsea,2425,2025-02-22,Aston Villa,,,fbref_soccerdata,2025-02-23
2425_20250222_aston_villa_chelsea,2425,2025-02-22,Chelsea,,,fbref_soccerdata,2025-02-23
2425_20250222_bournemouth_wolves,2425,2025-02-22,Bournemouth,,,fbref_soccerdata,2025-02-23
2425_20250222_bournemouth_wolves,2425,2025-02-22,Wolves,,,fbref_soccerdata,2025-02-23
2425_20250222_everton_man_united,2425,2025-02-22,Everton,,,fbref_soccerdata,2025-02-23
2425_20250222_everton_man_united,2425,2025-02-22,Man United,,,fbref_soccerdata,2025-02-23
2425_20250222_fulham_crystal_palace,2425,2025-02-22,Fulham,,,fbref_soccerdata,2025-02-23
2425_20250222_fulham_crystal_palace,2425,2025-02-22,Crystal Palace,,,fbref_soccerdata,2025-02-23
2425_20250222_ipswich_tottenham,2425,2025-02-22,Ipswich,,,fbref_soccerdata,2025-02-23
2425_20250222_ipswich_tottenham,2425,2025-02-22,Tottenham,,,fbref_soccerdata,2025-02-23
2425_20250222_southampton_brighton,2425,2025-02-22,Southampton,,,fbref_soccerdata,2025-02-23
2425_20250222_southampton_brighton,2425,2025-02-22,Brighton,,,fbref_soccerdata,2025-02-23
2425_20250223_man_city_liverpool,2425,2025-02-23,Man City,,,fbref_soccerdata,2025-02-24
2425_20250223_man_city_liverpool,2425,2025-02-23,Liverpool,,,fbref_soccerdata,2025-02-24
2425_20250223_newcastle_nottm_forest,2425,2025-02-23,Newcastle,,,fbref_soccerdata,2025-02-24
2425_20250223_newcastle_nottm_forest,2425,2025-02-23,Nott'm Forest,,,fbref_soccerdata,2025-02-24
2425_20250225_brighton_bournemouth,2425,2025-02-25,Brighton,,,fbref_soccerdata,2025-02-26
2425_20250225_brighton_bournemouth,2425,2025-02-25,Bournemouth,,,fbref_soccerdata,2025-02-26
2425_20250225_chelsea_southampton,2425,2025-02-25,Chelsea,,,fbref_soccerdata,2025-02-26
2425_20250225_chelsea_southampton,2425,2025-02-25,Southampton,,,fbref_soccerdata,2025-02-26
2425_20250225_crystal_palace_aston_villa,2425,2025-02-25,Crystal Palace,,,fbref_soccerdata,2025-02-26
2425_20250225_crystal_palace_aston_villa,2425,2025-02-25,Aston Villa,,,fbref_soccerdata,2025-02-26
2425_20250225_wolves_fulham,2425,2025-02-25,Wolves,,,fbref_soccerdata,2025-02-26
2425_20250225_wolves_fulham,2425,2025-02-25,Fulham,,,fbref_soccerdata,2025-02-26
2425_20250226_brentford_everton,2425,2025-02-26,Brentford,,,fbref_soccerdata,2025-02-27
2425_20250226_brentford_everton,2425,2025-02-26,Everton,,,fbref_soccerdata,2025-02-27
2425_20250226_liverpool_newcastle,2425,2025-02-26,Liverpool,,,fbref_soccerdata,2025-02-27
2425_20250226_liverpool_newcastle,2425,2025-02-26,Newcastle,,,fbref_soccerdata,2025-02-27
2425_20250226_man_united_ipswich,2425,2025-02-26,Man United,,,fbref_soccerdata,2025-02-27
2425_20250226_man_united_ipswich,2425,2025-02-26,Ipswich,,,fbref_soccerdata,2025-02-27
2425_20250226_nottm_forest_arsenal,2425,2025-02-26,Nott'm Forest,,,fbref_soccerdata,2025-02-27
2425_20250226_nottm_forest_arsenal,2425,2025-02-26,Arsenal,,,fbref_soccerdata,2025-02-27
2425_20250226_tottenham_man_city,2425,2025-02-26,Tottenham,,,fbref_soccerdata,2025-02-27
2425_20250226_tottenham_man_city,2425,2025-02-26,Man City,,,fbref_soccerdata,2025-02-27
2425_20250227_west_ham_leicester,2425,2025-02-27,West Ham,,,fbref_soccerdata,2025-02-28
2425_20250227_west_ham_leicester,2425,2025-02-27,Leicester,,,fbref_soccerdata,2025-02-28
2425_20250308_brentford_aston_villa,2425,2025-03-08,Brentford,,,fbref_soccerdata,2025-03-09
2425_20250308_brentford_aston_villa,2425,2025-03-08,Aston Villa,,,fbref_soccerdata,2025-03-09
2425_20250308_brighton_fulham,2425,2025-03-08,Brighton,,,fbref_soccerdata,2025-03-09
2425_20250308_brighton_fulham,2425,2025-03-08,Fulham,,,fbref_soccerdata,2025-03-09
2425_20250308_crystal_palace_ipswich,2425,2025-03-08,Crystal Palace,,,fbref_soccerdata,2025-03-09
2425_20250308_crystal_palace_ipswich,2425,2025-03-08,Ipswich,,,fbref_soccerdata,2025-03-09
2425_20250308_liverpool_southampton,2425,2025-03-08,Liverpool,,,fbref_soccerdata,2025-03-09
2425_20250308_liverpool_southampton,2425,2025-03-08,Southampton,,,fbref_soccerdata,2025-03-09
2425_20250308_nottm_forest_man_city,2425,2025-03-08,Nott'm Forest,,,fbref_soccerdata,2025-03-09
2425_20250308_nottm_forest_man_city,2425,2025-03-08,Man City,,,fbref_soccerdata,2025-03-09
2425_20250308_wolves_everton,2425,2025-03-08,Wolves,,,fbref_soccerdata,2025-03-09
2425_20250308_wolves_everton,2425,2025-03-08,Everton,,,fbref_soccerdata,2025-03-09
2425_20250309_chelsea_leicester,2425,2025-03-09,Chelsea,,,fbref_soccerdata,2025-03-10
2425_20250309_chelsea_leicester,2425,2025-03-09,Leicester,,,fbref_soccerdata,2025-03-10
2425_20250309_man_united_arsenal,2425,2025-03-09,Man United,,,fbref_soccerdata,2025-03-10
2425_20250309_man_united_arsenal,2425,2025-03-09,Arsenal,,,fbref_soccerdata,2025-03-10
2425_20250309_tottenham_bournemouth,2425,2025-03-09,Tottenham,,,fbref_soccerdata,2025-03-10
2425_20250309_tottenham_bournemouth,2425,2025-03-09,Bournemouth,,,fbref_soccerdata,2025-03-10
2425_20250310_west_ham_newcastle,2425,2025-03-10,West Ham,,,fbref_soccerdata,2025-03-11
2425_20250310_west_ham_newcastle,2425,2025-03-10,Newcastle,,,fbref_soccerdata,2025-03-11
2425_20250315_bournemouth_brentford,2425,2025-03-15,Bournemouth,,,fbref_soccerdata,2025-03-16
2425_20250315_bournemouth_brentford,2425,2025-03-15,Brentford,,,fbref_soccerdata,2025-03-16
2425_20250315_everton_west_ham,2425,2025-03-15,Everton,,,fbref_soccerdata,2025-03-16
2425_20250315_everton_west_ham,2425,2025-03-15,West Ham,,,fbref_soccerdata,2025-03-16
2425_20250315_ipswich_nottm_forest,2425,2025-03-15,Ipswich,,,fbref_soccerdata,2025-03-16
2425_20250315_ipswich_nottm_forest,2425,2025-03-15,Nott'm Forest,,,fbref_soccerdata,2025-03-16
2425_20250315_man_city_brighton,2425,2025-03-15,Man City,,,fbref_soccerdata,2025-03-16
2425_20250315_man_city_brighton,2425,2025-03-15,Brighton,,,fbref_soccerdata,2025-03-16
2425_20250315_southampton_wolves,2425,2025-03-15,Southampton,,,fbref_soccerdata,2025-03-16
2425_20250315_southampton_wolves,2425,2025-03-15,Wolves,,,fbref_soccerdata,2025-03-16
2425_20250316_arsenal_chelsea,2425,2025-03-16,Arsenal,,,fbref_soccerdata,2025-03-17
2425_20250316_arsenal_chelsea,2425,2025-03-16,Chelsea,,,fbref_soccerdata,2025-03-17
2425_20250316_fulham_tottenham,2425,2025-03-16,Fulham,,,fbref_soccerdata,2025-03-17
2425_20250316_fulham_tottenham,2425,2025-03-16,Tottenham,,,fbref_soccerdata,2025-03-17
2425_20250316_leicester_man_united,2425,2025-03-16,Leicester,,,fbref_soccerdata,2025-03-17
2425_20250316_leicester_man_united,2425,2025-03-16,Man United,,,fbref_soccerdata,2025-03-17
2425_20250401_arsenal_fulham,2425,2025-04-01,Arsenal,,,fbref_soccerdata,2025-04-02
2425_20250401_arsenal_fulham,2425,2025-04-01,Fulham,,,fbref_soccerdata,2025-04-02
2425_20250401_nottm_forest_man_united,2425,2025-04-01,Nott'm Forest,,,fbref_soccerdata,2025-04-02
2425_20250401_nottm_forest_man_united,2425,2025-04-01,Man United,,,fbref_soccerdata,2025-04-02
2425_20250401_wolves_west_ham,2425,2025-04-01,Wolves,,,fbref_soccerdata,2025-04-02
2425_20250401_wolves_west_ham,2425,2025-04-01,West Ham,,,fbref_soccerdata,2025-04-02
2425_20250402_bournemouth_ipswich,2425,2025-04-02,Bournemouth,,,fbref_soccerdata,2025-04-03
2425_20250402_bournemouth_ipswich,2425,2025-04-02,Ipswich,,,fbref_soccerdata,2025-04-03
2425_20250402_brighton_aston_villa,2425,2025-04-02,Brighton,,,fbref_soccerdata,2025-04-03
2425_20250402_brighton_aston_villa,2425,2025-04-02,Aston Villa,,,fbref_soccerdata,2025-04-03
2425_20250402_liverpool_everton,2425,2025-04-02,Liverpool,,,fbref_soccerdata,2025-04-03
2425_20250402_liverpool_everton,2425,2025-04-02,Everton,,,fbref_soccerdata,2025-04-03
2425_20250402_man_city_leicester,2425,2025-04-02,Man City,,,fbref_soccerdata,2025-04-03
2425_20250402_man_city_leicester,2425,2025-04-02,Leicester,,,fbref_soccerdata,2025-04-03
2425_20250402_newcastle_brentford,2425,2025-04-02,Newcastle,,,fbref_soccerdata,2025-04-03
2425_20250402_newcastle_brentford,2425,2025-04-02,Brentford,,,fbref_soccerdata,2025-04-03
2425_20250402_southampton_crystal_palace,2425,2025-04-02,Southampton,,,fbref_soccerdata,2025-04-03
2425_20250402_southampton_crystal_palace,2425,2025-04-02,Crystal Palace,,,fbref_soccerdata,2025-04-03
2425_20250403_chelsea_tottenham,2425,2025-04-03,Chelsea,,,fbref_soccerdata,2025-04-04
2425_20250403_chelsea_tottenham,2425,2025-04-03,Tottenham,,,fbref_soccerdata,2025-04-04
2425_20250405_aston_villa_nottm_forest,2425,2025-04-05,Aston Villa,,,fbref_soccerdata,2025-04-06
2425_20250405_aston_villa_nottm_forest,2425,2025-04-05,Nott'm Forest,,,fbref_soccerdata,2025-04-06
2425_20250405_crystal_palace_brighton,2425,2025-04-05,Crystal Palace,,,fbref_soccerdata,2025-04-06
2425_20250405_crystal_palace_brighton,2425,2025-04-05,Brighton,,,fbref_soccerdata,2025-04-06
2425_20250405_everton_arsenal,2425,2025-04-05,Everton,,,fbref_soccerdata,2025-04-06
2425_20250405_everton_arsenal,2425,2025-04-05,Arsenal,,,fbref_soccerdata,2025-04-06
2425_20250405_ipswich_wolves,2425,2025-04-05,Ipswich,,,fbref_soccerdata,2025-04-06
2425_20250405_ipswich_wolves,2425,2025-04-05,Wolves,,,fbref_soccerdata,2025-04-06
2425_20250405_west_ham_bournemouth,2425,2025-04-05,West Ham,,,fbref_soccerdata,2025-04-06
2425_20250405_west_ham_bournemouth,2425,2025-04-05,Bournemouth,,,fbref_soccerdata,2025-04-06
2425_20250406_brentford_chelsea,2425,2025-04-06,Brentford,,,fbref_soccerdata,2025-04-07
2425_20250406_brentford_chelsea,2425,2025-04-06,Chelsea,,,fbref_soccerdata,2025-04-07
2425_20250406_fulham_liverpool,2425,2025-04-06,Fulham,,,fbref_soccerdata,2025-04-07
2425_20250406_fulham_liverpool,2425,2025-04-06,Liverpool,,,fbref_soccerdata,2025-04-07
2425_20250406_man_united_man_city,2425,2025-04-06,Man United,,,fbref_soccerdata,2025-04-07
2425_20250406_man_united_man_city,2425,2025-04-06,Man City,,,fbref_soccerdata,2025-04-07
2425_20250406_tottenham_southampton,2425,2025-04-06,Tottenham,,,fbref_soccerdata,2025-04-07
2425_20250406_tottenham_southampton,2425,2025-04-06,Southampton,,,fbref_soccerdata,2025-04-07
2425_20250407_leicester_newcastle,2425,2025-04-07,Leicester,,,fbref_soccerdata,2025-04-08
2425_20250407_leicester_newcastle,2425,2025-04-07,Newcastle,,,fbref_soccerdata,2025-04-08
2425_20250412_arsenal_brentford,2425,2025-04-12,Arsenal,,,fbref_soccerdata,2025-04-13
2425_20250412_arsenal_brentford,2425,2025-04-12,Brentford,,,fbref_soccerdata,2025-04-13
2425_20250412_brighton_leicester,2425,2025-04-12,Brighton,,,fbref_soccerdata,2025-04-13
2425_20250412_brighton_leicester,2425,2025-04-12,Leicester,,,fbref_soccerdata,2025-04-13
2425_20250412_man_city_crystal_palace,2425,2025-04-12,Man City,,,fbref_soccerdata,2025-04-13
2425_20250412_man_city_crystal_palace,2425,2025-04-12,Crystal Palace,,,fbref_soccerdata,2025-04-13
2425_20250412_nottm_forest_everton,2425,2025-04-12,Nott'm Forest,,,fbref_soccerdata,2025-04-13
2425_20250412_nottm_forest_everton,2425,2025-04-12,Everton,,,fbref_soccerdata,2025-04-13
2425_20250412_southampton_aston_villa,2425,2025-04-12,Southampton,,,fbref_soccerdata,2025-04-13
2425_20250412_southampton_aston_villa,2425,2025-04-12,Aston Villa,,,fbref_soccerdata,2025-04-13
2425_20250413_chelsea_ipswich,2425,2025-04-13,Chelsea,,,fbref_soccerdata,2025-04-14
2425_20250413_chelsea_ipswich,2425,2025-04-13,Ipswich,,,fbref_soccerdata,2025-04-14
2425_20250413_liverpool_west_ham,2425,2025-04-13,Liverpool,,,fbref_soccerdata,2025-04-14
2425_20250413_liverpool_west_ham,2425,2025-04-13,West Ham,,,fbref_soccerdata,2025-04-14
2425_20250413_newcastle_man_united,2425,2025-04-13,Newcastle,,,fbref_soccerdata,2025-04-14
2425_20250413_newcastle_man_united,2425,2025-04-13,Man United,,,fbref_soccerdata,2025-04-14
2425_20250413_wolves_tottenham,2425,2025-04-13,Wolves,,,fbref_soccerdata,2025-04-14
2425_20250413_wolves_tottenham,2425,2025-04-13,Tottenham,,,fbref_soccerdata,2025-04-14
2425_20250414_bournemouth_fulham,2425,2025-04-14,Bournemouth,,,fbref_soccerdata,2025-04-15
2425_20250414_bournemouth_fulham,2425,2025-04-14,Fulham,,,fbref_soccerdata,2025-04-15
2425_20250416_newcastle_crystal_palace,2425,2025-04-16,Newcastle,,,fbref_soccerdata,2025-04-17
2425_20250416_newcastle_crystal_palace,2425,2025-04-16,Crystal Palace,,,fbref_soccerdata,2025-04-17
2425_20250419_aston_villa_newcastle,2425,2025-04-19,Aston Villa,,,fbref_soccerdata,2025-04-20
2425_20250419_aston_villa_newcastle,2425,2025-04-19,Newcastle,,,fbref_soccerdata,2025-04-20
2425_20250419_brentford_brighton,2425,2025-04-19,Brentford,,,fbref_soccerdata,2025-04-20
2425_20250419_brentford_brighton,2425,2025-04-19,Brighton,,,fbref_soccerdata,2025-04-20
2425_20250419_crystal_palace_bournemouth,2425,2025-04-19,Crystal Palace,,,fbref_soccerdata,2025-04-20
2425_20250419_crystal_palace_bournemouth,2425,2025-04-19,Bournemouth,,,fbref_soccerdata,2025-04-20
2425_20250419_everton_man_city,2425,2025-04-19,Everton,,,fbref_soccerdata,2025-04-20
2425_20250419_everton_man_city,2425,2025-04-19,Man City,,,fbref_soccerdata,2025-04-20
2425_20250419_west_ham_southampton,2425,2025-04-19,West Ham,,,fbref_soccerdata,2025-04-20
2425_20250419_west_ham_southampton,2425,2025-04-19,Southampton,,,fbref_soccerdata,2025-04-20
2425_20250420_fulham_chelsea,2425,2025-04-20,Fulham,,,fbref_soccerdata,2025-04-21
2425_20250420_fulham_chelsea,2425,2025-04-20,Chelsea,,,fbref_soccerdata,2025-04-21
2425_20250420_ipswich_arsenal,2425,2025-04-20,Ipswich,,,fbref_soccerdata,2025-04-21
2425_20250420_ipswich_arsenal,2425,2025-04-20,Arsenal,,,fbref_soccerdata,2025-04-21
2425_20250420_leicester_liverpool,2425,2025-04-20,Leicester,,,fbref_soccerdata,2025-04-21
2425_20250420_leicester_liverpool,2425,2025-04-20,Liverpool,,,fbref_soccerdata,2025-04-21
2425_20250420_man_united_wolves,2425,2025-04-20,Man United,,,fbref_soccerdata,2025-04-21
2425_20250420_man_united_wolves,2425,2025-04-20,Wolves,,,fbref_soccerdata,2025-04-21
2425_20250421_tottenham_nottm_forest,2425,2025-04-21,Tottenham,,,fbref_soccerdata,2025-04-22
2425_20250421_tottenham_nottm_forest,2425,2025-04-21,Nott'm Forest,,,fbref_soccerdata,2025-04-22
2425_20250422_man_city_aston_villa,2425,2025-04-22,Man City,,,fbref_soccerdata,2025-04-23
2425_20250422_man_city_aston_villa,2425,2025-04-22,Aston Villa,,,fbref_soccerdata,2025-04-23
2425_20250423_arsenal_crystal_palace,2425,2025-04-23,Arsenal,,,fbref_soccerdata,2025-04-24
2425_20250423_arsenal_crystal_palace,2425,2025-04-23,Crystal Palace,,,fbref_soccerdata,2025-04-24
2425_20250426_brighton_west_ham,2425,2025-04-26,Brighton,,,fbref_soccerdata,2025-04-27
2425_20250426_brighton_west_ham,2425,2025-04-26,West Ham,,,fbref_soccerdata,2025-04-27
2425_20250426_chelsea_everton,2425,2025-04-26,Chelsea,,,fbref_soccerdata,2025-04-27
2425_20250426_chelsea_everton,2425,2025-04-26,Everton,,,fbref_soccerdata,2025-04-27
2425_20250426_newcastle_ipswich,2425,2025-04-26,Newcastle,,,fbref_soccerdata,2025-04-27
2425_20250426_newcastle_ipswich,2425,2025-04-26,Ipswich,,,fbref_soccerdata,2025-04-27
2425_20250426_southampton_fulham,2425,2025-04-26,Southampton,,,fbref_soccerdata,2025-04-27
2425_20250426_southampton_fulham,2425,2025-04-26,Fulham,,,fbref_soccerdata,2025-04-27
2425_20250426_wolves_leicester,2425,2025-04-26,Wolves,,,fbref_soccerdata,2025-04-27
2425_20250426_wolves_leicester,2425,2025-04-26,Leicester,,,fbref_soccerdata,2025-04-27
2425_20250427_bournemouth_man_united,2425,2025-04-27,Bournemouth,,,fbref_soccerdata,2025-04-28
2425_20250427_bournemouth_man_united,2425,2025-04-27,Man United,,,fbref_soccerdata,2025-04-28
2425_20250427_liverpool_tottenham,2425,2025-04-27,Liverpool,,,fbref_soccerdata,2025-04-28
2425_20250427_liverpool_tottenham,2425,2025-04-27,Tottenham,,,fbref_soccerdata,2025-04-28
2425_20250501_nottm_forest_brentford,2425,2025-05-01,Nott'm Forest,,,fbref_soccerdata,2025-05-02
2425_20250501_nottm_forest_brentford,2425,2025-05-01,Brentford,,,fbref_soccerdata,2025-05-02
2425_20250502_man_city_wolves,2425,2025-05-02,Man City,,,fbref_soccerdata,2025-05-03
2425_20250502_man_city_wolves,2425,2025-05-02,Wolves,,,fbref_soccerdata,2025-05-03
2425_20250503_arsenal_bournemouth,2425,2025-05-03,Arsenal,,,fbref_soccerdata,2025-05-04
2425_20250503_arsenal_bournemouth,2425,2025-05-03,Bournemouth,,,fbref_soccerdata,2025-05-04
2425_20250503_aston_villa_fulham,2425,2025-05-03,Aston Villa,,,fbref_soccerdata,2025-05-04
2425_20250503_aston_villa_fulham,2425,2025-05-03,Fulham,,,fbref_soccerdata,2025-05-04
2425_20250503_everton_ipswich,2425,2025-05-03,Everton,,,fbref_soccerdata,2025-05-04
2425_20250503_everton_ipswich,2425,2025-05-03,Ipswich,,,fbref_soccerdata,2025-05-04
2425_20250503_leicester_southampton,2425,2025-05-03,Leicester,,,fbref_soccerdata,2025-05-04
2425_20250503_leicester_southampton,2425,2025-05-03,Southampton,,,fbref_soccerdata,2025-05-04
2425_20250504_brentford_man_united,2425,2025-05-04,Brentford,,,fbref_soccerdata,2025-05-05
2425_20250504_brentford_man_united,2425,2025-05-04,Man United,,,fbref_soccerdata,2025-05-05
2425_20250504_brighton_newcastle,2425,2025-05-04,Brighton,,,fbref_soccerdata,2025-05-05
2425_20250504_brighton_newcastle,2425,2025-05-04,Newcastle,,,fbref_soccerdata,2025-05-05
2425_20250504_chelsea_liverpool,2425,2025-05-04,Chelsea,,,fbref_soccerdata,2025-05-05
2425_20250504_chelsea_liverpool,2425,2025-05-04,Liverpool,,,fbref_soccerdata,2025-05-05
2425_20250504_west_ham_tottenham,2425,2025-05-04,West Ham,,,fbref_soccerdata,2025-05-05
2425_20250504_west_ham_tottenham,2425,2025-05-04,Tottenham,,,fbref_soccerdata,2025-05-05
2425_20250505_crystal_palace_nottm_forest,2425,2025-05-05,Crystal Palace,,,fbref_soccerdata,2025-05-06
2425_20250505_crystal_palace_nottm_forest,2425,2025-05-05,Nott'm Forest,,,fbref_soccerdata,2025-05-06
2425_20250510_bournemouth_aston_villa,2425,2025-05-10,Bournemouth,,,fbref_soccerdata,2025-05-11
2425_20250510_bournemouth_aston_villa,2425,2025-05-10,Aston Villa,,,fbref_soccerdata,2025-05-11
2425_20250510_fulham_everton,2425,2025-05-10,Fulham,,,fbref_soccerdata,2025-05-11
2425_20250510_fulham_everton,2425,2025-05-10,Everton,,,fbref_soccerdata,2025-05-11
2425_20250510_ipswich_brentford,2425,2025-05-10,Ipswich,,,fbref_soccerdata,2025-05-11
2425_20250510_ipswich_brentford,2425,2025-05-10,Brentford,,,fbref_soccerdata,2025-05-11
2425_20250510_southampton_man_city,2425,2025-05-10,Southampton,,,fbref_soccerdata,2025-05-11
2425_20250510_southampton_man_city,2425,2025-05-10,Man City,,,fbref_soccerdata,2025-05-11
2425_20250510_wolves_brighton,2425,2025-05-10,Wolves,,,fbref_soccerdata,2025-05-11
2425_20250510_wolves_brighton,2425,2025-05-10,Brighton,,,fbref_soccerdata,2025-05-11
2425_20250511_liverpool_arsenal,2425,2025-05-11,Liverpool,,,fbref_soccerdata,2025-05-12
2425_20250511_liverpool_arsenal,2425,2025-05-11,Arsenal,,,fbref_soccerdata,2025-05-12
2425_20250511_man_united_west_ham,2425,2025-05-11,Man United,,,fbref_soccerdata,2025-05-12
2425_20250511_man_united_west_ham,2425,2025-05-11,West Ham,,,fbref_soccerdata,2025-05-12
2425_20250511_newcastle_chelsea,2425,2025-05-11,Newcastle,,,fbref_soccerdata,2025-05-12
2425_20250511_newcastle_chelsea,2425,2025-05-11,Chelsea,,,fbref_soccerdata,2025-05-12
2425_20250511_nottm_forest_leicester,2425,2025-05-11,Nott'm Forest,,,fbref_soccerdata,2025-05-12
2425_20250511_nottm_forest_leicester,2425,2025-05-11,Leicester,,,fbref_soccerdata,2025-05-12
2425_20250511_tottenham_crystal_palace,2425,2025-05-11,Tottenham,,,fbref_soccerdata,2025-05-12
2425_20250511_tottenham_crystal_palace,2425,2025-05-11,Crystal Palace,,,fbref_soccerdata,2025-05-12
2425_20250516_aston_villa_tottenham,2425,2025-05-16,Aston Villa,,,fbref_soccerdata,2025-05-17
2425_20250516_aston_villa_tottenham,2425,2025-05-16,Tottenham,,,fbref_soccerdata,2025-05-17
2425_20250516_chelsea_man_united,2425,2025-05-16,Chelsea,,,fbref_soccerdata,2025-05-17
2425_20250516_chelsea_man_united,2425,2025-05-16,Man United,,,fbref_soccerdata,2025-05-17
2425_20250518_arsenal_newcastle,2425,2025-05-18,Arsenal,,,fbref_soccerdata,2025-05-19
2425_20250518_arsenal_newcastle,2425,2025-05-18,Newcastle,,,fbref_soccerdata,2025-05-19
2425_20250518_brentford_fulham,2425,2025-05-18,Brentford,,,fbref_soccerdata,2025-05-19
2425_20250518_brentford_fulham,2425,2025-05-18,Fulham,,,fbref_soccerdata,2025-05-19
2425_20250518_everton_southampton,2425,2025-05-18,Everton,,,fbref_soccerdata,2025-05-19
2425_20250518_everton_southampton,2425,2025-05-18,Southampton,,,fbref_soccerdata,2025-05-19
2425_20250518_leicester_ipswich,2425,2025-05-18,Leicester,,,fbref_soccerdata,2025-05-19
2425_20250518_leicester_ipswich,2425,2025-05-18,Ipswich,,,fbref_soccerdata,2025-05-19
2425_20250518_west_ham_nottm_forest,2425,2025-05-18,West Ham,,,fbref_soccerdata,2025-05-19
2425_20250518_west_ham_nottm_forest,2425,2025-05-18,Nott'm Forest,,,fbref_soccerdata,2025-05-19
2425_20250519_brighton_liverpool,2425,2025-05-19,Brighton,,,fbref_soccerdata,2025-05-20
2425_20250519_brighton_liverpool,2425,2025-05-19,Liverpool,,,fbref_soccerdata,2025-05-20
2425_20250520_crystal_palace_wolves,2425,2025-05-20,Crystal Palace,,,fbref_soccerdata,2025-05-21
2425_20250520_crystal_palace_wolves,2425,2025-05-20,Wolves,,,fbref_soccerdata,2025-05-21
2425_20250520_man_city_bournemouth,2425,2025-05-20,Man City,,,fbref_soccerdata,2025-05-21
2425_20250520_man_city_bournemouth,2425,2025-05-20,Bournemouth,,,fbref_soccerdata,2025-05-21
2425_20250525_bournemouth_leicester,2425,2025-05-25,Bournemouth,,,fbref_soccerdata,2025-05-26
2425_20250525_bournemouth_leicester,2425,2025-05-25,Leicester,,,fbref_soccerdata,2025-05-26
2425_20250525_fulham_man_city,2425,2025-05-25,Fulham,,,fbref_soccerdata,2025-05-26
2425_20250525_fulham_man_city,2425,2025-05-25,Man City,,,fbref_soccerdata,2025-05-26
2425_20250525_ipswich_west_ham,2425,2025-05-25,Ipswich,,,fbref_soccerdata,2025-05-26
2425_20250525_ipswich_west_ham,2425,2025-05-25,West Ham,,,fbref_soccerdata,2025-05-26
2425_20250525_liverpool_crystal_palace,2425,2025-05-25,Liverpool,,,fbref_soccerdata,2025-05-26
2425_20250525_liverpool_crystal_palace,2425,2025-05-25,Crystal Palace,,,fbref_soccerdata,2025-05-26
2425_20250525_man_united_aston_villa,2425,2025-05-25,Man United,,,fbref_soccerdata,2025-05-26
2425_20250525_man_united_aston_villa,2425,2025-05-25,Aston Villa,,,fbref_soccerdata,2025-05-26
2425_20250525_newcastle_everton,2425,2025-05-25,Newcastle,,,fbref_soccerdata,2025-05-26
2425_20250525_newcastle_everton,2425,2025-05-25,Everton,,,fbref_soccerdata,2025-05-26
2425_20250525_nottm_forest_chelsea,2425,2025-05-25,Nott'm Forest,,,fbref_soccerdata,2025-05-26
2425_20250525_nottm_forest_chelsea,2425,2025-05-25,Chelsea,,,fbref_soccerdata,2025-05-26
2425_20250525_southampton_arsenal,2425,2025-05-25,Southampton,,,fbref_soccerdata,2025-05-26
2425_20250525_southampton_arsenal,2425,2025-05-25,Arsenal,,,fbref_soccerdata,2025-05-26
2425_20250525_tottenham_brighton,2425,2025-05-25,Tottenham,,,fbref_soccerdata,2025-05-26
2425_20250525_tottenham_brighton,2425,2025-05-25,Brighton,,,fbref_soccerdata,2025-05-26
2425_20250525_wolves_brentford,2425,2025-05-25,Wolves,,,fbref_soccerdata,2025-05-26
2425_20250525_wolves_brentford,2425,2025-05-25,Brentford,,,fbref_soccerdata,2025-05-26
